Company,City,Phones,WhatsApp,Email,Website,Address
73 Avenue Realtors,Colombo,+94763607373,+94763607373,info@73avenuerealtors.com,https://73avenuerealtors.com/,"75/7 Ward Pl, Colombo 00700"
Real Mark Property (Pvt) Ltd,Colombo,+94117007669; +94772488100,+94772488100,contact@realmark.lk,https://realmark.lk/,"Colombo, Sri Lanka"
Grace Properties,Colombo,+94703001134; +94740470407; +94761922518,+94761922518,jennifer@graceproperties.lk,https://www.graceproperties.lk/contact/,"No 1/119/410, Bauddhaloka Mawatha,Colombo 07 , Sri Lanka 00700"
Ceylon Estate Agents,Colombo,+94775742574,+94775742574,info@ceylonestateagents.com,https://www.ceylonestateagents.com/?srsltid=AfmBOop9zRgXNYvy7EymF3sona4ArnGRiDD6k5bg8sjLukBEgwb4921s,"Colombo, Sri Lanka"
Real Estate Agent Colombo,Colombo,+94711582112,,,https://www.yocale.com/b/realestateagentcmb,"1 Rotunda Gardens, Colombo 00300, Sri Lanka"
Nire Realtors,Colombo,+94711622982,+94711622982,,https://www.nirerealtors.com/,
Mahas Real Estate,Colombo,+94768000302,+94768000302,yes@mahasrealestate.com,https://mahasrealestate.com/,"2nd Floor, McLaren's Building, 123 Bauddhaloka Mw, Colombo 4. Sri Lanka."
Atlanka Realtors (Private) Limited,Colombo,+94775146176,+94775146176,,https://www.atlanka.com/,"John Rodrigo Mawatha, Moratuwa, Sri Lanka"
Online Property Promotion,Colombo,+94717570580,,,https://www.propertypromotion.lk/p/blog-page.html,
Pan Global Property,Colombo,+94115300100; +94722500700; +94722700900,+94722700900,info@panglobalproperty.com,https://panglobalproperty.lk/,"No.351/1, Duplication Road, Colombo 03, Sri Lanka"
Prime Lands,Colombo,+94112030890; +94112699822,,info@primelands.lk,https://www.primelands.lk/,"No.75, D.S. Senanayake Mawatha, Borella, Colombo-08, Sri Lanka"
Bhoomi Realty Holdings,Ethul Kotte,+94112030802; +94112075060; +94112093906; +94719136666; +94719152222,,info@bhoomirealty.lk,https://bhoomirealty.lk/,"No 885 Kotte Rd, Ethul Kotte."
Lanka Real Estate,Galle,+94777720249; +94777760615,+94777760615,sales@lankarealestate.com,https://lankarealestate.com/sale/about-us/,"16th century Portuguese Fort of Galle, Sri Lanka"
Mister T Real Estate,Sri Jayawardenepura Kotte,+94773252566,,info@mistert.lk,https://mistert.lk/,"8/6 1st Ln, Sri Jayawardenepura Kotte 11222, Sri Lanka"
PropertyGuide ikman,Colombo,+94770788788,,,https://propertyguide.lk/en,
Khane Properties (Pvt) Ltd,Colombo,+94114848848,,info@khane.com,https://www.khane.lk/,
RE/MAX Sri Lanka,Colombo,+94117001700; +94776667780,,admin@remax.lk,https://www.remax.lk/,
Ceylon Real Estate,Galle,+94777911192,+94777911192,shane@ceylonrealestate.com,https://ceylonrealestate.com/,
Lanka Property Market,Battaramulla,+94711589615; +94740804675,,info@lankapropertymarket.com,https://lankapropertymarket.com/property-type/apartment/,"Bunt Road, Battaramulla"
Colombo Property,Colombo,+94727199900,,,https://www.fastbase.com/countryindex/sri-lanka/s/short-term-apartment-rental-agency,Spathodea Ave
AKARA Apartments,Colombo,+94743012977; +94773434631; +94773744156; +94778978277,,info@akaraapartments.lk,https://akaraapartments.lk/,20/8 Fairfield gardens
Sri Lanka Luxury Property,Rajagiriya,+94719120000,,info@srilankaluxuryproperty.com,https://srilankaluxuryproperty.com/contact-us/,"No 11/A, School lane, Nawala, Rajagiriya, Sri Lanka"
EK Properties,Colombo,+94777813582,+94777813582,hello@expatkey.com,https://expatkey.com/city/colombo-03/,"Colombo, Sri Lanka"
Colombo Real Estate & Relocation Services,Colombo,+94117396630; +94777668885,+94777668885,hello@colombores.com,https://colomborealestate.com/,"No. 66 Welikada Plaza, Rajagiriya, Sri Lanka"
Lanka Estates Co.,Sri Lanka,+94776344758,+94776344758,elanka.world@outlook.com,https://www.zalanka.com/sri-lanka/Real-Estate,E Lanka World (pvt) Ltd Sri Lanka
Mondinion,Colombo,+94716351482; +94771149387; +94772672252; +94772960333; +94774948638; +94777235780; +94777315001; +94777322072; +94777424994; +94777907303,,,https://www.mondinion.com/Real_Estate_Agents/country/Sri_Lanka/from/50/,
Ceylon Brokers,Colombo,+94741137025,+94741137025,hello@ceylonbrokers.lk,https://ceylonbrokers.lk/,"Colombo, Sri Lanka"
DRN Agencies,Colombo,+94711255464; +94711400199; +94727003322; +94743113575,,,https://www.expat.com/en/business/asia/sri-lanka/2_real-estate/125_real-estate-brokers/,"345/58, Kuruppu Lane, Borella, Colombo 08, Western"
Prime Realty,Colombo,+94706295644; +94707007111,+94706295644,hello@primerealty.lk,https://primerealty.lk/,"No: 75, D.S. Senanayake Mawatha, Borella, Colombo-08, Sri Lanka."
DreamHomes Realty,,+94774446063,,udesh.senadeera@dreamhomes.com,https://dreamhomes.lk/agent/1930d0f9-5246-485c-8385-7c985b7eefdc,
Lavinia Properties Lanka,Colombo,+94112585885,,info@laviniapropertieslanka.com,https://laviniapropertieslanka.com/,"125, Fife Rd, Colombo 05"
Elite Properties Consultancy (PVT) LTD,Colombo,+94761186850; +94777380625,+94777380625,elitepropertiessl@gmail.com,https://elitepropertiessl.com/,"Galleface Terrace, Colombo 03"
Aitken Spence PLC,Colombo,+94112308308; +94112445406,,info@aitkenspence.lk,https://www.aitkenspence.com/our-expertise/services/property-management,"315, Vauxhall Street, Colombo 02, Sri Lanka."
Villa Management PVT LTD,Unawatuna,+94704400188,+94704400188,hello@villamanagementsrilanka.com,https://villamanagementsrilanka.com/,"Villa Management PVT LTD, Unawatuna, Sri Lanka"
Millennium Real Estate Pvt Ltd,Colombo,+94775398096,,,https://millenniumrealestate.lk/,
Access Real Estate,Colombo,+94112302358; +94112302427,,info@accessrealestate.lk,http://www.accessrealestate.lk/Contact,"Access Tower (South), Level 27, 278/4, Union Place, Colombo 02, Sri Lanka."
GHR Global,Colombo,+94112662099; +94112665907; +94768787878,,info@globalgrouplk.com,https://www.globalhousing.lk/contact,"No 52, Sir Marcus Fernando Mawatha, Colombo 07, Sri Lanka."
Aduwata Gewal Idam,Kegalle,+94742963837,+94742963837,sales@aduwatagewalidam.lk,https://aduwatagewalidam.lk/terms-and-conditions/,"02/449, Main Street, Kegalle, Sri Lanka"
Prime Residencies,Colombo,+94112699822; +94706295591; +94710777666; +94716699822,+94706295591; +94716699822,info@primeresidencies.lk,https://www.primeresidencies.lk/contact-us/,"No.75, D.S. Senanayake Mawatha, Colombo 08, Sri Lanka"
Home Lands Holding (Pvt) Ltd,Battaramulla,+94702444111; +94705031031; +94706009922,+94705031031,info@homelands.lk,https://www.homelands.lk/,"No.1087, Pannipitiya Rd, Battaramulla, SRI LANKA"
Araliya Lands,Kadawatha,+94112920719; +94112920720; +94112922822; +94777771049,+94777771049,info@araliyalands.com,https://www.araliyalands.com/,"No. 381/B, Kandy Road, Mahara, Kadawatha, Sri Lanka."
Terralanka,Colombo,+94766470323,,hello@terralanka.com,https://www.terralanka.com/contact,"Colombo, Sri Lanka"
Home Lands Skyline,Battaramulla,+94702693693; +94703002666; +94711999222,,info@homelandsskyline.lk,https://www.homelandsskyline.lk/contact-us,"1087, Pannipitiya Road, Battaramulla 10120, Sri Lanka"
Landbelt Private Limited,Sri Lanka,+94704004555,+94704004555,landbelt81@gmail.com,https://landbelt.lk/contact,Sri Lanka
Colombo Property Hub (Group Company),Colombo,+94779349138,,sumesh@colombopropertyhub.com,https://sinhala.lankainformation.lk/directory/professions/brokers/2619-colombo-property-hub-group-company,
r real state,Moratuwa,+94117110858; +94777801742,,rivindu+5@dvtechlabs.com,https://dev.cplk.org/agencies/r-real-state,"123 main streen, Moratuwa, Sri Lanka"
CommercialProperty.lk,Colombo,+94117110858; +94777801742,,info@commercialproperty.lk,https://commercialproperty.lk/,"932A 3, 1 Kotte Rd, Sri Jayawardenepura Kotte, 10100"
Lanka Ads,Dehiwala,+94743637133,,contactabcads@gmail.com,https://lankaad.org/index.php/ad/lanka-ads-173956619946965096,"No: 103592/M, Galle Road, Dehiwala, Sri Lanka"
Lanka Virtual Heights Property,Sri Lanka,+94112075075; +94112761005; +94114010203; +94114328598; +94117444011; +94117800000; +94117833833; +94707209109; +94714920402; +94719659949; +94722700900; +94725678678; +94760300600; +94766037373; +94767086099; +94771486666; +94773069640; +94773951560; +94774441117; +94774569589; +94775660000; +94776460967; +94777208710; +94777720249; +94779914407,,,https://www.lankavirtualheightsproperty.com/services/real-estate-agents-web-site/218,
Property Mate,Colombo,+94757000550; +94775702992,+94775702992,propertymatelk@gmail.com,https://propertymate.lk/,Colombo
RE/MAX NORTH REALTY,Jaffna,+94214680780; +94756850000; +94775660000,+94775660000,info@remaxnorth.lk,https://remaxnorth.lk/city/ja-ela-2/,"111C Kannathiddy Road, Jaffna, Sri Lanka"
Realtor Lanka Consultants (Pvt) Ltd.,Ja-Ela,+94772585878,,,https://www.realtorlanka.com/tag/ja-ela/,
John Keells Properties,Ja-Ela,+94706062062,,info@viman.lk,https://www.viman.lk/,"525, Colombo-Negombo Road, Ja-Ela"
Ceylon Property,Colombo,+94112056566; +94771243140,,support@ceylonproperty.lk,https://www.ceylonproperty.lk/property/4268-brand-new-house-for-sale-at-ja-ela-lake-city,"410/126, Bauddhaloka Mawatha, Colombo 07"
REALITY LANKA,Colombo,+94714920402,+94714920402,realitylanka06@gmail.com,https://www.realitylanka.com/,
